{"Title":{"0":"Deep Learning \/ Computer Vision Engineer","1":"Machine Learning Engineer","2":"AI\/ML\/Data Science Intern","3":"Senior Cognitive Solutions Engineer","4":"Data Engineer","5":"Machine Learning Engineer II","6":"Fresher - Trainee Software Engineer","7":"Data Engineer","8":"Engineering Manager, AI\/ML","9":"Software Engineer II-1","10":"Software Development Engineer - II","11":"Software Dev Engineer II","12":"Marklogic Developer","13":"Software Development Engineer III (Full Stack)","14":"Analyst - Big Data| GAMMA"},"Company":{"0":"Agrex Technologies Private Limited","1":"Parent Protect","2":"Black Console Technologies","3":"Concentrix","4":"Srijan Technologies Pvt Ltd","5":"Expedia Group","6":"Mobiloitte Technologies","7":"Wadhwani AI","8":"Expedia Group","9":"Concentrix","10":"Expedia Group","11":"Expedia Group","12":"Hummingbirdsconsulting Pvt Ltd","13":"Expedia Group","14":"The Boston Consulting Group"},"Location":{"0":"Delhi, Delhi","1":"New Delhi, Delhi","2":"Delhi, Delhi","3":"Delhi","4":"New Delhi, Delhi","5":"Delhi","6":"Okhla Industrial Estate, Delhi","7":"Delhi, Delhi","8":"Delhi","9":"Delhi","10":"Delhi","11":"Delhi","12":"Gurgaon Road, Delhi","13":"Delhi","14":"New Delhi, Delhi"},"Link":{"0":"https:\/\/in.indeed.com\/company\/Agrex-Technologies-Private-Limited\/jobs\/Deep-Learning-2cf28a15bb74988b?fccid=673da65a39066f5a&vjs=3","1":"https:\/\/in.indeed.com\/company\/Parent-Protect\/jobs\/Machine-Learning-Engineer-74d2c26f9cde244a?fccid=e34fa96f6e6d16e8&vjs=3","2":"https:\/\/in.indeed.com\/company\/Black-Console-Technologies\/jobs\/Ai-Ml-Data-Science-Intern-b5960d1d04ac13b1?fccid=0895b7b082930271&vjs=3","3":"https:\/\/in.indeed.com\/rc\/clk?jk=79906a96bbb3f516&fccid=773041d0d31c442a&vjs=3","4":"https:\/\/in.indeed.com\/rc\/clk?jk=a9b406c369185b74&fccid=ce26d549c132788a&vjs=3","5":"https:\/\/in.indeed.com\/rc\/clk?jk=f57eb9d3efcfccbb&fccid=160efb82f2462f14&vjs=3","6":"https:\/\/in.indeed.com\/rc\/clk?jk=fa937a5793c2a74c&fccid=ed05f2f9f150e280&vjs=3","7":"https:\/\/in.indeed.com\/rc\/clk?jk=42faff7ed437a740&fccid=f723bce4e8d2ecc6&vjs=3","8":"https:\/\/in.indeed.com\/rc\/clk?jk=0972b8968844429c&fccid=160efb82f2462f14&vjs=3","9":"https:\/\/in.indeed.com\/rc\/clk?jk=19fb2794244bc2bc&fccid=773041d0d31c442a&vjs=3","10":"https:\/\/in.indeed.com\/rc\/clk?jk=d5b0ff2ce4346da5&fccid=160efb82f2462f14&vjs=3","11":"https:\/\/in.indeed.com\/rc\/clk?jk=ce3ff25db3a6cfc2&fccid=160efb82f2462f14&vjs=3","12":"https:\/\/in.indeed.com\/company\/Hummingbirdsconsulting-Pvt-Ltd\/jobs\/Marklogic-Developer-5ce903492a65fe4e?fccid=c743ea6d07a5fa04&vjs=3","13":"https:\/\/in.indeed.com\/rc\/clk?jk=e216765663a00ce3&fccid=160efb82f2462f14&vjs=3","14":"https:\/\/in.indeed.com\/rc\/clk?jk=9bec41c368fb748d&fccid=b95f9eb47968fa13&vjs=3"},"Review":{"0":"None","1":"None","2":"None","3":"3.4","4":"3.7","5":"3.9","6":"2.7","7":"None","8":"3.9","9":"3.4","10":"3.9","11":"3.9","12":"None","13":"3.9","14":"4.2"},"Salary":{"0":"\u20b950,000 - \u20b91,50,000 a month","1":"\u20b918,271 - \u20b946,607 a month","2":"\u20b910,000 a month","3":"None","4":"None","5":"None","6":"None","7":"None","8":"None","9":"None","10":"None","11":"None","12":"\u20b95,00,000 - \u20b915,00,000 a year","13":"None","14":"None"},"Description":{"0":"Responsibilities\nStudy and transform data science prototypes\nDesign machine learning systems\nDesign Computer Vision systems\nOptimise Existing CV pipelines\nResearch and implement appropriate ML algorithms and tools\nDevelop machine learning applications according to requirements\nSelect appropriate datasets and data representation methods\nRun machine learning tests and experiments\nPerform statistical analysis and fine-tuning using test results\nTrain and retrain systems when necessary\nRequirements\nProven experience as a Machine Learning Engineer or similar role\nUnderstanding of data structures, data modeling and software architecture\nAbility to write robust code in Python\nFamiliarity with frameworks like Tensorflow and Computer Vision\nExcellent communication skills\nAbility to work in a team\nOutstanding analytical and problem-solving skills\nJob Type: Full-time\nSalary: \u20b950,000.00 - \u20b9150,000.00 per month\nExperience:\nMachine Learning: 2 years (Required)\nTensorflow: 1 year (Required)","1":"We are looking for an expert in machine learning to help us extract value from our data. You will lead all the processes from data collection, cleaning, and preprocessing, to training models and deploying them to production.\nThe ideal candidate will be passionate about artificial intelligence and stay up-to-date with the latest developments in the field.\nResponsibilities\nUnderstanding business objectives and developing models that help to achieve them, along with metrics to track their progress\nManaging available resources such as hardware, data, and personnel so that deadlines are met\nAnalysing the ML algorithms that could be used to solve a given problem and ranking them by their success probability\nExploring and visualising data to gain an understanding of it, then identifying differences in data distribution that could affect performance when deploying the model in the real world\nVerifying data quality, and\/or ensuring it via data cleaning\nSupervising the data acquisition process if more data is needed\nFinding available datasets online that could be used for training\nDefining validation strategies\nDefining the preprocessing or feature engineering to be done on a given dataset\nDefining data augmentation pipelines\nTraining models and tuning their hyper-parameters\nAnalysing the errors of the model and designing strategies to overcome them\nDeploying models to production\nSkills\nProficiency with a deep learning framework such as TensorFlow or Keras\nProficiency with Python and basic libraries for machine learning such as scikit-learn and pandas\nExpertise in visualising and manipulating big datasets\nProficiency with OpenCV\nFamiliarity with Linux\nAbility to select hardware to run an ML model with the required latency\nContract length: 12 months\nExpected Start Date: 21\/1\/2021\nJob Types: Full-time, Contract\nSalary: \u20b918,271.00 - \u20b946,607.00 per month\nBenefits:\nFlexible schedule\nSchedule:\nDay shift\nExperience:\nMachine Learning: 1 year (Preferred)\nwork: 1 year (Preferred)\ntotal work: 1 year (Preferred)\nEducation:\nSecondary(10th Pass) (Preferred)\nWork Remotely:\nTemporarily due to COVID-19","2":"PYTHON, MACHINE-LEARNING, Elastic Search, DATA -ANALYSIS, Deep Learning,AI\nPYclasses is a stealth mode educational start-up focused on making online technical\neducation easy in the fields of data engineering and data science. We are a team with a\npresence in India, passionate about online education and building engaging experiences\nto make our students better data engineers.\nPYclasses is looking for coding interns who would like to get trained, write content and\neventually, head on to teach people coding.\nPyclasses is looking for the candidate who has the experience to write a code & work on a\nreal-life project for our organization.\nInterns title: Content Development & Project-making intern (DEGREE NO BAR)\nSalary = unpaid for 3 months after you get salary as per your performance.\nWork Remotely:\n\uf0b7 Temporarily due to COVID-19\nJob Role: Understanding and helping in creating the project content for our portal in\ncoordination with industry professionals. This role is suitable for any degree holder, having\na passion to bring his own creativity in real-life projects.\nKey Skills (anyone): Python, Machine Learning, Data-Analysis, Block-Chain\nJob Nature: Initial Internship duration will be of 15 days. Suitable candidates can be offered\nregular appointment on completion of the internship.\nResponsibilities: -\n\uf0b7 Be part of the core team and act as a lead to design course curriculum and material for\nall data engineering and data science-focused courses we offer online.\n\uf0b7 Focus on researching our competitors and make sure our course content, training\nmaterial is better than what is currently offered in the market.\n\uf0b7 Be part of per\/day Google meet \/ online meeting calls to review the progress.\n\uf0b7 Selected intern's day-to-day responsibilities include:\n\uf0b7 1. Writing creative and SEO friendly content for our company's website\n\uf0b7 2. Writing blogs for our company on subjects related to Python, Machine Learning, C#,\nData-Analysis, Block-Chain, and initial coin offering.\n\uf0b7 3. Publishing the written blogs on several social media sites\/forums and media sites\nLearning Outcome:\n1. Explore the current market demand and nurture your skills as per today\u2019s demand.\n2. PYclasses being the most demanding territory, Interns have the advantage to explore\nit closely under expert supervision and core team members.\n3. Internship certificate from PYclasses\n4. Dedication and honesty can lead to Pre-Placement Offer.\nGood to have skills: -\n\uf0b7 Good communication skills in written and verbal form\n\uf0b7 Strong verbal and written communication skills\nJob Types: Full-time, Internship\nSalary: Up to \u20b910,000.00 per month\nBenefits:\nWork from home\nSchedule:\nDay shift\nEvening shift\nExperience:\nwork: 1 year (Preferred)\ntotal work: 1 year (Preferred)\nEducation:\nSecondary(10th Pass) (Preferred)\nCOVID-19 Precaution(s):\nRemote interview process\nVirtual meetings","3":"Please Note: Job cannot be performed in the state of Colorado, USA.\nJob Title:\nSenior Cognitive Solutions Engineer\nJob Description\nRole Overview:\n\nThis role requires a high degree of independent execution, ownership and responsibility for business customer success. Technical Manager works as Individual contributor and Cognitive solutions lead for AI and ML based solutions. Given the person must be able to work clients & sales team directly, a fair understanding of business communication and business process operations is highly desirable.\nThe person should be very flexible in terms of working as per different time zone to meet solution delivery timeline. The person should be open to learn and adopt various technologies coming in the field of Automation & AI and keep himself proactively updated\nKey Accountabilities\nCandidate is expected be hands on in web services, server-side experience. You will be analyzing business requirements, interact with different business teams and will be a part of the solution design process. You will be working on Javascript and NOSQL etc. Will be a part of core development team and will be responsible for developing server APIs\/components. You will be a part of scaling applications and database infrastructure processes.\nSenior Cognitive Solutions Engineer \/ Manager 1 \u2013 Application Development (CL 08)\nGurgaon\nNo of position: 2\nRole Overview:\nThis role requires a high degree of independent execution, ownership and responsibility for business customer success. Technical Manager works as Individual contributor and Cognitive solutions lead for AI and ML based solutions. Given the person must be able to work clients & sales team directly, a fair understanding of business communication and business process operations is highly desirable.\nThe person should be very flexible in terms of working as per different time zone to meet solution delivery timeline. The person should be open to learn and adopt various technologies coming in the field of Automation & AI and keep himself proactively updated\nKey Accountabilities\nCandidate is expected be hands on in web services, server-side experience. You will be analyzing business requirements, interact with different business teams and will be a part of the solution design process. You will be working on Javascript and NOSQL etc. Will be a part of core development team and will be responsible for developing server APIs\/components. You will be a part of scaling applications and database infrastructure processes.\nAccountable to work independently with minimum assistance from other resources.\nReady to work in flexible time zone as per client requirement.\nAccountable to understand the business requirement from Sales, BA , customerand transform them from non-technical requirement to technical requirement.\nAccountable to break down program specification into its simplest elements and translating this logic into a programming language.\nWill work in high traffic \/ real-time Enterprise apps\nWill be a part of Agile Methodologies, Design Patterns, and Software Revision Control Systems\nWill gain experience in scaling applications and database infrastructure\nWill work in a very innovative and creative environmentKey\nTechnical and Personnel Skills\nAt least 7-10 years hands-on experience in Application Development and Automation Soln pre-sales POC\/Demo\nAt least 3-5 years hands-on experience cloud based services , especially Java and Python stacks.\nCertification in Google Voice or LEX\/POLLY or IBM Watson Services\nExperience in application management using Kubernetes and Dockers\nSkillset should have few of the following Javascript and\/or related technologies, jQuery, Backbone, Underscore, Redis \/ CouchDB \/ MongoDB, Web Sockets\nExperience with Python\/NodeJS.\nBasic Knowledge on Linux \/ Unix terminal usages\nStrong knowledge of code documentation and handover\nDesign\/Implementation\/Consulting experience with AI\/ML tools for voice interactions system is desirable.\nExperience with natural language understanding (NLU) and\/or speech recognition (ASR) systems and algorithms is a plus.\nSome experience developing Cloud-based solutions is a plus.\nExperience on Nuance, Google Speech, Amazon Lex for NLU and Speech Recognition.\nEclipse framework with hands on VXML\nQUALIFICATIONS\nBE\/BTECH\/MCA.\n#WAH\nLocation:\nIND Gurgaon - Bld 6 Ground & First Floor\nLanguage Requirements:\nTime Type:\nFull time","4":"Job Description:-\nWe are looking for a Data Engineer, responsibilities include creating machine learning models and retraining systems. To do this job successfully, you need exceptional skills in statistics and programming. If you also have knowledge of data science and software engineering, your ultimate goal will be to shape and build efficient self-learning applications.\nResponsibilities\nDesign machine learning systems\nCreate and maintain optimal data pipeline architecture,\nAssemble large, complex data sets that meet functional \/ non-functional business requirements.\nResearch and implement appropriate ML algorithms and tools\nDevelop machine learning applications according to requirements\nCreate data tools for analytics and data scientist team members that assist them in building and optimizing our product into an innovative industry leader.\nWork with data and analytics experts to strive for greater functionality in our data systems.\nSelect appropriate datasets and data representation methods\nRun machine learning tests and experiments\nPerform statistical analysis and fine-tuning using test results\nExtend existing ML libraries and frameworks\nKeep abreast of developments in the field\nRequirements:-\nProven experience as a Machine Learning Engineer\nUnderstanding of data structures, data modeling and software architecture\nFamiliarity with machine learning frameworks\nExcellent communication skills\nAbility to write robust code in Python\nOutstanding analytical and problem-solving skills\nAWS Knowledge Good to have","5":"Expedia Group (EG) revolutionizes travel through the power of technology. Across the globe, our brands make travel easier for millions of people who want to step out of their homes and into the world. We\u2019re a hardworking and focused team from all over the world \u2013 with 20,000 + employees, in over 30 countries. Together we seek new ideas, innovative ways of thinking, diverse backgrounds, and approaches because averages can lie and sameness is dangerous.\nWe at Data & AI Platform Engineering Team are looking for an experienced ML Engineer to help build and support platform tools and components to offer AI\/ML services across EG.\nWhat will you do:\nYou will build\/extend our AI\/ML platform suite which includes feature stores, inference engines, model containers etc.\nDabble with latest and greatest of emerging technologies like deep probabilistic programming, AI experimentation and synthetic data\nInteract with our platform teams and peer groups to understand technical\/business requirements and implement end-to-end solutions for them\nDrive data & AI investigations across organization inside and outside of team to deliver a resolution of technical, procedural, and operational issues\nPartner with data scientists and other engineers to help invent, implement, and connect sophisticated algorithms to our cloud-based engines and drive cutting-edge research into product realization\nWho you are\n4+ years of relevant, professional experience in a fast-paced, high-transactional engineering environment\n1+ years of professional, post-college, software development experience with Java, C++, Python, Scala or other equivalent languages\nExperience with ML frameworks and tools such as scikit-learn, PyTorch or TensorFlow\nGood understanding of Data Warehousing and ETL\nGood understanding of BigData Technologies like Hadoop, Spark, Hive, Kafka etc\nExperience training and evaluating ML models, and integrating them into production software systems\nHave a BS or MS in Computer Science with concentration in AI\/ML or equivalent experience\nExperience in building and driving the production of innovative end-to-end Machine Learning platforms will be a plus\nWorking knowledge of statistics: hypothesis testing, confidence intervals and A\/B tests\nWhy join us\nExpedia Group recognizes our success is dependent on the success of our people. We are the world's travel platform, made up of the most knowledgeable, hardworking, and creative people in our business. Our brands recognize the ability of travel to break down barriers and make people's lives better \u2013 that responsibility encourages us to be the place where remarkable people want to do their best work and to provide them with tools to do so.\nWhether you're applying to Engineering or Customer Support, Marketing, or Lodging Supply, at Expedia Group we act as one team, working towards a common goal: to bring the world within reach. We strive passionately for better, but not at the cost of the customer. We act with humility and optimism, respecting ideas big and small. We value diversity and voices of all volumes. We are a global organization but keep our feet on the ground, so we can act fast and stay simple. Our teams also have the chance to give back on a local level and make a difference through our corporate social responsibility program, Expedia Cares.\nIf you have a hunger to make a difference with one of the most loved consumer brands in the world and to work in the dynamic travel industry, this is the job for you.\nExpedia is committed to creating an inclusive work environment with a diverse workforce.All qualified applicants will receive consideration for employment without regard to race, religion, gender, sexual orientation, national origin, disability or age.","6":"Job Description:\nEducation :- B.Tech (CS\/IT\/ECE) \/ BCA\/MCA\nLocation :- New Delhi\nOpening for fresh engineer in System Programming & Mobile Domain\nExcellent C\/C++\/PHP\/JAVA\/.Net\/Android\/iOS\/Python\/Mean Stack\/Ionic\/Angular\/React\/Blockchain\/AI\/ML Programming skills\nShould be a team player and positive attitude\nGood logical and problem solving skills\nClear object oriented concepts & must be able to write the programs","7":"Requirements\nExperience of 5 to 10 years in the area of data science and management of large-scale data environments. Should have the following:\nAbility to analyze problems working single-handed. This will require the person to understand the core problem, reflect the AI aspects of the problem, and extract the needed data from multiple sources to support the AI solution.\nPerform (or provide inputs to larger teams) to do data science-related work associated with completeness, quality, information content, and overall correlation of different features.\nInterface with the National Health Authority (Govt Of India) technical teams to understand existing data models, data flows and APIs (good software engineering\/ system design experience)\nWork with National Health Authority\/Wadhwani AI teams to precisely formulate the technical problem ( familiarity with ML, NLP, image processing, communication, and interpersonal skills)\nPerform data collection, PII handling, data sanitization at the National Health Authority end to share that with the Wadhwani AI team (familiarity with best practices, databases, past experience)\nDeploy ML models in the National Health Authority workflows (some ML engineering experience)\nCreate (possibly in collaboration with others?) demos\/prototypes\/dashboards (some familiarity with web applications)\nCreate documents and presentations that outline the problem and solution in a precise manner.\nCommunicates with precision and clarity related to external dependencies.\nHas the ability to sequence a set of tasks to be performed in the AI project.\nHas maturity to work with stakeholders across different departments to get access to data.\nEngineer with strong work experience in large scale data environments a core requirement.\nStrict adherence to data security and privacy standards will be highly desired.\nProficient in SQL, and other DML to access data from multiple sources.\nNature of the role requires a person to have an eye for detail. Ability to create cogent summaries of large data, reflect data patterns using visual tools a plus.\nFoundation knowledge of AI a plus, else must have the capability to learn and understand the implications of AI solutions as it relates to external data. Should be able to use formal AI language to communicate the problem to stakeholders.\nExposure to large scale IT organizations a plus, will provide information on decision making in such environments.","8":"Engineering Manager, AI\/ML\nAre you passionate about leading an engineering team that uses software engineering, machine learning and data to build a platform for crafting intelligent Virtual Agents that is helping to drive the future of a multi-billion-dollar business?\nAs an Engineering Manager within the Conversation Platform Technology team, you will provide leadership and mentorship to a team dedicated to driving technology innovation. You will be enabling groups across the company to create outstanding Virtual Agent experiences worldwide in Expedia Group apps, web sites, social channels, and voice channels! We support hundreds of millions of conversations a year across a global brand portfolio and partnership programs. Our team is building out the platform's intelligence services that power Expedia Group's Virtual Agents to address customer needs in an optimal manner without needing human intervention.\nIn this role, with your technical experience along with mentorship and inspiring others, you and your team will build frameworks, services, data sets, and models that drive self-service and customer loyalty up, and customer effort down at Expedia, enabling millions of travelers to enjoy their flawless trip!\nWhat you\u2019ll do:\nGuide and coach the team to seamlessly deliver on lofty goals with speed and quality\nPromote development of maintainable and thoroughly tested code\nEnsure the team is following state of the art engineering methodologies\nProvide ongoing, real-time feedback to engineers and scientists on your team to promote their growth; Partner with others to collect feedback and lead team progress toward goals\nCommunicate clearly to both partners and engineers to remove ambiguity from larger projects; Provide high level engineering estimates and resource allocation\nCollaborate in defining solutions that use data insights as well as your technical perspective in furthering the product and business\nCross organizational boundaries (brands, divisions) to collaborate with other technology teams to tackle enterprise-wide problems\nWho are you:\n5+ years software development experience in an enterprise level engineering environment\n3+ years ML\/ data science experience with projects including reinforcement learning and natural language processing\nExperienced in leadership and team building\nSolid understanding of Python and Java\nExperience with common data science related packages and ML frameworks\nExpertise in agile software development methodologies and using them efficiently within teams\nGood communication and organizational skills - able to translate between technical and business group, bring forward a vision or opinion\nAbility to lead multiple tasks and projects simultaneously, prioritize decisions and tasks and work in a fast-paced, changing environment\nUnderstanding of trade-offs of architectural patterns and comfort in recommending approaches and associated technology choices\nWhy join us:\nExpedia Group recognizes our success is dependent on the success of our people. We are the world's travel platform, made up of the most knowledgeable, passionate, and creative people in our business. Our brands recognize the power of travel to break down barriers and make people's lives better \u2013 that responsibility inspires us to be the place where exceptional people want to do their best work, and to provide them the tools to do so.\nWhether you're applying to work in engineering or customer support, marketing or lodging supply, at Expedia Group we act as one team, working towards a common goal; to bring the world within reach. We relentlessly strive for better, but not at the cost of the customer. We act with humility and optimism, respecting ideas big and small. We value diversity and voices of all volumes. We are a global organization but keep our feet on the ground so we can act fast and stay simple. Our teams also have the chance to give back on a local level and make a difference through our corporate social responsibility program, Expedia Cares.\nIf you have a hunger to make a difference with one of the most loved consumer brands in the world and to work in the dynamic travel industry, this is the job for you.\nOur family of travel brands includes: Brand Expedia\u00ae, Hotels.com\u00ae, Expedia\u00ae Partner Solutions, Egencia\u00ae, trivago\u00ae, Vrbo\u00ae, Orbitz\u00ae, Travelocity\u00ae, Wotif\u00ae, ebookers\u00ae, CheapTickets\u00ae, Hotwire\u00ae, Expedia\u00ae Media Solutions, CarRentals.com\u2122, Expedia Local Expert\u00ae, Expedia\u00ae Cruise\u00ae and SilverRail Technologies, Inc. For more information, visit www.expediagroup.com.\nExpedia is committed to creating an inclusive work environment with a diverse workforce.All qualified applicants will receive consideration for employment without regard to race, religion, gender, sexual orientation, national origin, disability or age.","9":"Please Note: Job cannot be performed in the state of Colorado, USA.\nJob Title:\nSoftware Engineer II-1\nJob Description\nWe are seeking an experienced, motivated, creative ML \/ AI Engineer to join the development team to build AI solutions. Important responsibility is to design, develop, enhance, and implement AI solutions. A commitment to collaborative problem solving, sophisticated design, and delivering quality product(s) is essential.\nKey Duties and Responsibilities\nUnderstanding business objectives and developing models that help to achieve them, along with metrics to track their progress\nAnalyzing the ML algorithms that could be used to solve a given problem and ranking them by their success probability.\nDefining validation strategies.\nDefining the preprocessing or feature engineering to be done on a given dataset.\nTransform non-technical, business requirements into technical requirements\nTraining models and tuning their hyperparameters\nAnalyzing the errors of the model and designing strategies to overcome them\nDevelop and maintain code quality, organization, and automatization\nProactively contribute to and shape quality deliverables, particularly during the design phase\nAnticipate and participate in code reviews to ensure quality deliverables\nPractice and encourage knowledge sharing with a focus on establishing best practices\nReady to work in flexible time zone as per client requirement(s).\nQualifications and Experience Required\nProficiency with a deep learning framework such as TensorFlow or Keras\nProficiency with Python and basic libraries for machine learning such as scikit-learn and pandas\nExpertise in visualizing and manipulating big datasets\nProficiency with OpenCV\nFamiliarity with Linux\nCan think creatively and provide innovative designs and solutions to problems.\n#W\nLocation:\nIND Gurgaon - Bld 14 IT SEZ (GST)\nLanguage Requirements:\nTime Type:\nFull time","10":"Job Description\nAre you passionate about helping travelers across the globe find the best destinations, accommodations, flights, activities and provide feedback as reviews, traveler photographs and ratings. Do you like to be a part of a journey to make sense of the extensive data sets Expedia users are contributing and help generate awesome insights via sentiment analysis, topic modeling, and other Machine Learning based curation algorithms.\nEG-reviews is an advanced Bigdata and ML platform which caters to the need of Expedia brands like Brand Expedia, Hotels.com, Vrbo, Home away, Egencia and eventually all Brands and LOBs within Expedia Group. In a nutshell, the platform is responsible for collecting a variety of content (reviews\/photos) from customers, storing it in most usable form, curating the data using home grown ML solutions and enabling playback on front ends.\nThis team at Expedia is at an exciting juncture and poised to transform how we manage one of the core assets of Expedia \u2013 Users into the next generation of technology! Migrating millions of users as well as a diverse and large number of clients to the cloud, scaling up for an ever-increasing identified user base, introducing cutting edge security and privacy measures, providing a user experience that encourages more user registrations and social logins are just a few challenges that you would participate and contribute to in the User team. Some stats to give perspective to these initiatives, Global Daily Active Users is just under 1M!, Registered users are more than 80M!, Identified users are in excess of 300M!\nWhat you will do:\nAs a Software Developer, you will develop fast, scalable, highly available, and reliable micro-services that will process thousands of requests per second.\nHaving access to real-time data and exposure to optimize with machine learning, you will understand customers\u2019 needs before they do.\nYou will tackle a wide range of complex software and system issues that will require a deep understanding of the application architecture, software engineering, and deployment infrastructure.\nAs part of our continuous learning culture, you will have the opportunity to participate in exciting company hackathons and various career building courses with co-workers of all levels of expertise. This role is suited to an individual with good competence in Java Development and AWS infrastructure, using Agile methodology.\nYou will work on following technologies: Java, Scala, AWS, Docker, Kafka, SQS, SNS, Git, Splunk, Jenkins, GraphQL, NodeJs, Mongo, Cassandra, S3, Lambda, Qubole, Redis, Elastic search.\nWho you are:\nBS or MS in Computer Science or equivalent experience\n2+ years of professional software development experience in Java.\nKnowledge of Streaming\/Messaging application preferably Kafka (Min 1-2 years) is plus.\nExperience in Scala is a plus\nExperience in creating RESTful services\nWorking knowledge of Databases like Mongo, Cassandra, Elastic search\nUnderstanding of Unit testing Framework (Junit)\nExperience on AWS (Min 1-2 Years)\n- Good to have - Docker, Jenkins & Python\nYou have excellent communication skills with the ability to work multi-functionally across multiple departments\nYou believe in having fun with your co-workers, while working together on the team.\nWhy join us\nExpedia Group recognizes our success is dependent on the success of our people. We are the world's travel platform, made up of the most knowledgeable, passionate, and creative people in our business. Our brands recognize the power of travel to break down barriers and make people's lives better \u2013 that responsibility inspires us to be the place where exceptional people want to do their best work, and to provide them the tools to do so.\nWhether you're applying to work in engineering or customer support, marketing or lodging supply, at Expedia Group we act as one team, working towards a common goal; to bring the world within reach. We relentlessly strive for better, but not at the cost of the customer. We act with humility and optimism, respecting ideas big and small. We value diversity and voices of all volumes. We are a global organization but keep our feet on the ground, so we can act fast and stay simple. Our teams also have the chance to give back on a local level and make a difference through our corporate social responsibility program, Expedia Cares.\nIf you have a hunger to make a difference with one of the most loved consumer brands in the world and to work in the dynamic travel industry, this is the job for you.\nOur family of travel brands includes: Brand Expedia\u00ae, Hotels.com\u00ae, Expedia\u00ae Partner Solutions, Egencia\u00ae, trivago\u00ae, HomeAway\u00ae, Orbitz\u00ae, Travelocity\u00ae, Wotif\u00ae, lastminute.com.au\u00ae, ebookers\u00ae, CheapTickets\u00ae, Hotwire\u00ae, Classic Vacations\u00ae, Expedia\u00ae Media Solutions, CarRentals.com\u2122, Expedia Local Expert\u00ae, Expedia\u00ae CruiseShipCenters\u00ae, SilverRail Technologies, Inc., ALICE and Traveldoo\u00ae.\nExpedia is committed to creating an inclusive work environment with a diverse workforce.All qualified applicants will receive consideration for employment without regard to race, religion, gender, sexual orientation, national origin, disability or age.\nExpedia is committed to creating an inclusive work environment with a diverse workforce.All qualified applicants will receive consideration for employment without regard to race, religion, gender, sexual orientation, national origin, disability or age.\nExpedia is committed to creating an inclusive work environment with a diverse workforce.All qualified applicants will receive consideration for employment without regard to race, religion, gender, sexual orientation, national origin, disability or age.","11":"Do you want to transform the experience of millions of travelers the world over? Do you love working with a creative engineering team in building an intelligent, scalable, and personalized travel assistance platform? Do you want to work with state of the art technologies such as real-time streaming, Natural Language Processing (NLP), Artificial Intelligence & Machine Learning? Our goal is to build the best conversational platform that can meet customers need on any channel (social, sms, web, or voice), use AI\/ML to understand\/anticipate their needs and deliver unparalleled service.\nWe're looking for a capable, motivated Software Engineer to join us in building world class conversation platform and customer focused software.\nWhat you will do:\nDesign, and develop new platform services to build our technology platform.\nOwn and deliver tested and optimized high-performance code for a distributed messaging environment.\nExcel in communicating with teammates clearly and consistently\nParticipate in the resolution of production issues and lead efforts toward solutions.\nContribute to vigilantly rewriting, refactoring, and perfecting code.\nCollaborate and work effectively with TPMs, engineers of different technical backgrounds, architects, and product managers\nCross organizational boundaries to collaborate with other technology teams to solve integrated problems\nTechnologies we use: Java, AWS, Kafka, GraphQL, Node.js, Kotlin, React, DynamoDB, documentDB, S3, Lambda, Docker, Data Dog.\nWho you are:\n3+ years of experience in software development\nDemonstrated self-discipline, dependability, and accountability\nStrong Knowledge of Java and web technologies\nExperience in AWS, Lambda, No-SQL DB\nVerbal and written communication skills with the ability to present complex technical information in a clear and concise manner.\nAbility to handle multiple tasks simultaneously and thrive in a dynamic environment\nAbility to quickly and effectively research technical problems and solutions online\nInterest in learning and taking on increasingly complex tasks\nWillingness to work flexible hours at times, based on a geographically distributed team\nExperienced in solving distributed computing problems\nWhy join us:\n\nExpedia Group recognizes our success is dependent on the success of our people. We are the world's travel platform, made up of the most knowledgeable, passionate, and creative people in our business. Our brands recognize the power of travel to break down barriers and make people's lives better \u2013 that responsibility inspires us to be the place where exceptional people want to do their best work, and to provide them the tools to do so.\n\nWhether you're applying for a role in engineering or customer support, marketing or lodging supply, at Expedia Group we act as one team, working towards a common goal; to bring the world within reach. We relentlessly strive for better, but not at the cost of the customer. We act with humility and optimism, respecting ideas big and small. We value diversity and voices of all volumes. We are a global organization but keep our feet on the ground so we can act fast and stay simple. Our teams also have the chance to give back on a local level and make a difference through our corporate social responsibility program, Expedia Cares.\n\nIf you have a hunger to make a difference with one of the most loved consumer brands in the world and to work in the dynamic travel industry, this is the job for you.\n\nOur family of travel brands includes: Brand Expedia\u00ae, Hotels.com\u00ae, Expedia\u00ae Partner Solutions, Egencia\u00ae, trivago\u00ae, HomeAway\u00ae, Orbitz\u00ae, Travelocity\u00ae, Wotif\u00ae, lastminute.com.au\u00ae, ebookers\u00ae, CheapTickets\u00ae, Hotwire\u00ae, Classic Vacations\u00ae, Expedia\u00ae Media Solutions, CarRentals.com\u2122, Expedia Local Expert\u00ae, Expedia\u00ae CruiseShipCenters\u00ae, SilverRail Technologies, Inc., ALICE and Traveldoo\u00ae.\n\nWe are an equal opportunity employer and value diversity at our company. We do not discriminate on the basis of race, religion, color, national origin, gender, sexual orientation, age, marital status, veteran status, or disability status.\nExpedia is committed to creating an inclusive work environment with a diverse workforce.All qualified applicants will receive consideration for employment without regard to race, religion, gender, sexual orientation, national origin, disability or age.","12":"Senior MarkLogic Developer\nDescription\nThis is a hands-on technical role focused on data harmonization and full stack software development within the Client Spark Digital organization. The developer partners with our internal customers to understand and enable them to solve their data pain points with MarkLogic-based data management, search and analytics solutions.\nResponsibilities\nDevelop code and data pipelines to ingest relational databases, file shares, and web services\nDevelop code to harmonize disparate data sets into canonical models for analysis and operations\nBuild UI apps with Grove, Gradle, React, and Node.JS\nParticipate in the design and creation of scalable software\nParticipate in all aspects of the software life cycle using Agile development methodologies\nParticipate in requirements definition, system architecture design, and data architecture design\nRequired Qualifications\nBachelors or Masters\u2019 Degree in Computer Science or related field or equivalent experience\nMust have 3+ years of experience in Marklogic with hands-on\nProven full-stack development with ML Grove, Gradle, React, and Node.JS\nStrong technical experience in XML, XPATH, XQUERY, XSLT, Search API\u2019s, CTS Queries\nExperience with JSON or XML data modeling\nGood knowledge on REST APIs and MarkLogic Modules\nKnowledge of DevOps\/Git for agile planning and code repository\nAnticipate, understand and respond to the needs of internal and external clients\nExcellent written and verbal communication skills, sense of ownership, urgency and drive\nHigh capacity for learning new technologies\nYou are ready to mentor other Engineers on the team\nDesired Qualifications\nUnderstanding and working knowledge of ontology development, semantics and triples\nExperience with the NiFi integration technology\nKnowledge in enterprise information solution architecture, design, and development\nFamiliarity with integrating Business Intelligence applications like Tableau, or PowerBi\nExperience with Machine Learning, Artificial Intelligence, and Deep Learning algorithms\nA strong background in Azure and Azure DevOps\nSenior MarkLogic Developer\nDescription\nThis is a hands-on technical role focused on data harmonization and full stack software development within the Client Spark Digital organization. The developer partners with our internal customers to understand and enable them to solve their data pain points with MarkLogic-based data management, search and analytics solutions.\nResponsibilities\nDevelop code and data pipelines to ingest relational databases, file shares, and web services\nDevelop code to harmonize disparate data sets into canonical models for analysis and operations\nBuild UI apps with Grove, Gradle, React, and Node.JS\nParticipate in the design and creation of scalable software\nParticipate in all aspects of the software life cycle using Agile development methodologies\nParticipate in requirements definition, system architecture design, and data architecture design\nRequired Qualifications\nBachelors or Masters\u2019 Degree in Computer Science or related field or equivalent experience\nMust have 3+ years of experience in Marklogic with hands-on\nProven full-stack development with ML Grove, Gradle, React, and Node.JS\nStrong technical experience in XML, XPATH, XQUERY, XSLT, Search API\u2019s, CTS Queries\nExperience with JSON or XML data modeling\nGood knowledge on REST APIs and MarkLogic Modules\nKnowledge of DevOps\/Git for agile planning and code repository\nAnticipate, understand and respond to the needs of internal and external clients\nExcellent written and verbal communication skills, sense of ownership, urgency and drive\nHigh capacity for learning new technologies\nYou are ready to mentor other Engineers on the team\nDesired Qualifications\nUnderstanding and working knowledge of ontology development, semantics and triples\nExperience with the NiFi integration technology\nKnowledge in enterprise information solution architecture, design, and development\nFamiliarity with integrating Business Intelligence applications like Tableau, or PowerBi\nExperience with Machine Learning, Artificial Intelligence, and Deep Learning algorithms\nA strong background in Azure and Azure DevOps\nContract length: 18 months\nPart-time hours: 8 per week\nExpected Start Date: 1\/2\/2021\nJob Types: Full-time, Part-time, Contract\nSalary: \u20b9500,000.00 - \u20b91,500,000.00 per year\nSchedule:\nDay shift\nExperience:\nsoftware development: 3 years (Preferred)\nwork: 3 years (Preferred)\ntotal work: 3 years (Preferred)\njavascript: 3 years (Preferred)\nEducation:\nBachelor's (Preferred)\nSpeak with the employer\n+91 7013083982","13":"Job Description\nSoftware Development Engineer II\nExpedia Insurance and Assurance team is looking for a Software Engineer to build and maintain its ever-evolving scalable and performance platform. Our team wants the right candidate who enjoys building services from scratch, loves to challenge the status quo, simplify the architecture, who does not hesitate from taking initiatives, and loves to learn new technologies. Does this sound like you? Then read on!\nAt Expedia, we are revolutionizing travel through the power of technology. Every second of every day, we send travellers on a trip. We sell enough tickets to fill nearly six hundred 737 airplanes every day, and our mobile apps have been downloaded more than 10 million times across 180 countries. Our teams are use to working in a fast-paced environment to keep up with the evolving travel landscape. The opportunities to inspire travel for global customers are endless.\nOur team helps customers by offering a range of products designed specifically to provide peace of mind and confidence when booking with Expedia. Come join our team to help us continue providing this service to our customers.\nWhat you will do:\nDesign, develop, debug, and modify web services for Insurance micro-services\nWrite clean code utilizing object-oriented design principles, data structures, and algorithms\nCreate and maintain Spring-based Java services and components that interact within and outside of Expedia\u2019s technical stack\nWrite automated unit, integration, and acceptance tests as appropriate to support our continuous integration pipelines\nPractice resilience engineering for every front-end and back-end component you build and evangelize resilience within the team\nSupport and maintain the Insurance services and micro-services stack.\nCollaborate with the Product team, architects, and peer engineers\nHelp design and build reusable frameworks and libraries to simplify development\nParticipate in peer code reviews and advocate for the best coding practices and principles\nWho you are:\nYou are a voracious learner, especially in the areas of technology, service design patterns, and system architecture\nAt least a Bachelor\u2019s degree in Computer Science or equivalent experience\n5+ years of full-stack software development experience across multiple technologies, languages, frameworks and ML related technologies\nAbility to independently drive features from inception through to completion and production deployment\nExcellent coding skills in Java\/JavaScript and proficiency with HTML, XML, and JSON. Nice to have, familiarity with ReactJS\nExperience working with Rest APIs and familiarity with the development of services using Spring Boot on Cloud (e.g. AWS)\nExperience working around Apache Tomcat, Spring MVC, Spring Boot, Docker, Gradle\nExperience using code versioning tools for e.g. Git\nExperience with Agile development methodology\nFlexible in learning and understanding both front-end as well as back-end services\nAbility to work in a diverse organization with global decentralized teams, working across multiple locations\nWhy Join Us:\nExpedia Group recognizes our success is dependent on the success of our people. We are the world's travel platform, made up of the most knowledgeable, passionate, and creative people in our business. Our brands recognize the power of travel to break down barriers and make people's lives better \u2013 that responsibility inspires us to be the place where exceptional people want to do their best work, and to provide them the tools to do so.\nWhether you're applying to work in engineering or customer support, marketing or lodging supply, at Expedia Group we act as one team, working towards a common goal; to bring the world within reach. We relentlessly strive for better, but not at the cost of the customer. We act with humility and optimism, respecting ideas big and small. We value diversity and voices of all volumes. We are a global organization but keep our feet on the ground so we can act fast and stay simple. Our teams also have the chance to give back on a local level and make a difference through our corporate social responsibility program, Expedia Cares.\nIf you have a hunger to make a difference with one of the most loved consumer brands in the world and to work in the dynamic travel industry, this is the job for you.\nOur family of travel brands includes: Brand Expedia\u00ae, Hotels.com\u00ae, Expedia\u00ae Partner Solutions, Egencia\u00ae, trivago\u00ae, Vrbo\u00ae, Orbitz\u00ae, Travelocity\u00ae, Wotif\u00ae, lastminute.com.au\u00ae, ebookers\u00ae, CheapTickets\u00ae, Hotwire\u00ae, Classic Vacations\u00ae, Expedia\u00ae Media Solutions, CarRentals.com\u2122, Expedia Local Expert\u00ae\nExpedia is committed to creating an inclusive work environment with a diverse workforce.All qualified applicants will receive consideration for employment without regard to race, religion, gender, sexual orientation, national origin, disability or age.","14":"11421BR\nGAMMA Data Engineering\nWHAT YOU'LL DO\nAs a part of BCG\u2019s GAMMA A&S team you will work closely with consulting teams on a diverse range of advanced analytics topics. You will have the opportunity to leverage analytical methodologies to deliver value to BCG's Consulting (case) teams and Practice Areas (domain) through providing analytics subject matter expertise, and accelerated execution support.\nYou will collaborate with case teams to gather requirements, specify, design, develop, deliver and support analytic solutions serving client needs. You will provide technical support through deeper understanding of relevant data analytics solutions and processes to build high quality and efficient analytic solutions.\nYOU'RE GOOD AT\nWorking with case (and proposal) teams\nDelivering original analysis and insights to case teams, typically owning all or part of an analytics module whilst integrating with a case team\nEstablishing credibility by thought partnering with case teams on analytics topics; drawing conclusions on a range of external and internal issues related to your module\nCommunicating analytical insights through sophisticated synthesis and packaging of results (including PPT slides and charts) with consultants; collecting, synthesizing, analysing case team learning & inputs into new best practices and methodologies\nEnsuring proper sign\u2010off before uploading materials into internal repository for reference; sanitizing confidential client content in marketing documents\nDeveloping broad expertise in at least one analytics topic or platform\nExecuting analytical approach and creating defined outcome; contributing to approach selection\n\nTechnical expertise\n\nProficient understanding of distributed computing principles\nManagement of Spark clusters, with all included services \u2013 various implementations of Spark preferred\nAbility to solve ongoing issues with operating the cluster and optimize for efficiency\nUnderstanding of prevalent cloud ecosystems and its associated services AWS, Azure, Google Cloud, IBM Cloud. Expertise in at least one.\nExperience with building stream-processing systems, using solutions such as Storm or Spark-Streaming\nGood knowledge of Big Data querying tools, such as Pig, Hive, and Impala\n\nGood to have:-\n\nExperience with integration of data from multiple data sources\nExperience with NoSQL databases, such as HBase, Cassandra, MongoDB\nKnowledge of various ETL techniques and frameworks, such as Flume\nExperience with various messaging systems, such as Kafka or RabbitMQ\nExperience with Big Data ML toolkits, such as Mahout, SparkML, or H2O\nGood understanding of Lambda Architecture, along with its advantages and drawbacks\n\nFunctional Skills:\n\nSelecting and integrating any Big Data tools and frameworks required to provide requested capabilities\nImplementing ETL process(s) across on-premise and cloud architectures\nMonitoring performance and advising any necessary infrastructure changes\n\nCommunicating with confidence and ease\n\nYou will be a clear and confident communicator, able to deliver messages in a concise manner with strong and effective written and verbal communication.\n\nThinking Analytically\n\nYou should be strong in analytical solutioning with hands on experience in advanced analytics delivery, through the entire life cycle of analytics. Strong analytics skills with the ability to develop and codify knowledge and provide analytical advice where required.\nYOU'RE GOOD AT (CONT'D)\n\n\nYOU BRING (EXPERIENCE & QUALIFICATIONS)\nBachelor's \/ Master's degree in computer science engineering\/technology\nAt least 2-3 years within relevant domain of Data Engineering across industries and work experience providing analytics solutions in a commercial setting\nConsulting experience will be considered a plus\nYOU'LL WORK WITH\nYou will report to the Analytics Expert, Team Manager \u2013 GAMMA, and you will work closely with the consulting team on client projects.\nCITY\nNew Delhi\nCOUNTRY\nIndia\nYOU'LL BE TRAVELLING\nYes (50%)\nYOUR EMPLOYEE TYPE IS\nRegular\nYOUR JOB TYPE IS\nFull time\nADDITIONAL INFORMATION\nBCG GAMMA A&S combines innovative skills in computer science, artificial intelligence, statistics, and machine learning with deep industry expertise. The BCG GAMMA A&S team is comprised of data engineers, data scientists and business consultants who specialize in the use of advanced analytics to get high-impact business results. Our teams own the full analytics value-chain end to end: framing the business problem, building the data, designing innovative algorithms, creating scale through designing tools and apps, and training colleagues and clients in new solutions. Here at BCG GAMMA A&S, you\u2019ll have the chance to work with clients in every BCG region and every industry area. We are also a core member of a rapidly growing Digital enterprise at BCG \u2013 a constellation of teams focused on driving practical results for BCG clients by applying leading edge analytics approaches, data, and technology\nWHO WE ARE\nBCG pioneered strategy consulting more than 50 years ago, and we continue to innovate and redefine the industry. We offer multiple career paths for the world\u2019s best talent to have a real impact on business and society. As part of our team, you will benefit from the breadth and diversity of what we are doing today and where we are headed next. We count on your authenticity, exceptional work, and strong integrity. In return we are committed to supporting you in discovering the most fulfilling career journey possible\u2014and unlocking your potential to advance the world.\n\nBCG GAMMA combines innovative skills in computer science, artificial intelligence, statistics, and machine learning with deep industry expertise. The BCG GAMMA team is comprised of world-class data engineers, data scientists and business consultants who specialize in the use of advanced analytics to get breakthrough business results. Our teams own the full analytics value-chain end to end: framing new business challenges, building fact-bases, designing innovative algorithms, creating scale through designing tools and apps, and training colleagues and clients in new solutions. Here at BCG GAMMA, you\u2019ll have the chance to work with clients in every BCG region and every industry area. We are also a core member of a rapidly growing analytics enterprise at BCG \u2013 a constellation of teams focused on driving practical results for BCG clients by applying leading edge analytics approaches, data, and technology.\nEQUAL OPPORTUNITY\nBoston Consulting Group is an Equal Opportunity Employer. All qualified applicants will receive consideration for employment without regard to race, color, age, religion, sex, sexual orientation, gender identity \/ expression, national origin, protected veteran status, or any other characteristic protected under federal, state or local law, where applicable, and those with criminal histories will be considered in a manner consistent with applicable state and local laws."},"Crawl Time":{"0":"19:20:15","1":"19:20:16","2":"19:20:18","3":"19:20:19","4":"19:20:20","5":"19:20:21","6":"19:20:22","7":"19:20:25","8":"19:20:26","9":"19:20:27","10":"19:20:28","11":"19:20:29","12":"19:20:31","13":"19:20:32","14":"19:20:33"},"Crawl Date":{"0":"01\/02\/2021","1":"01\/02\/2021","2":"01\/02\/2021","3":"01\/02\/2021","4":"01\/02\/2021","5":"01\/02\/2021","6":"01\/02\/2021","7":"01\/02\/2021","8":"01\/02\/2021","9":"01\/02\/2021","10":"01\/02\/2021","11":"01\/02\/2021","12":"01\/02\/2021","13":"01\/02\/2021","14":"01\/02\/2021"}}